name,sku,description
Bryce Jones,lay-raise-best-end,Art community floor adult your single type. Per back community former stock thing.^M
John Robinson,cup-return-guess,Produce successful hot tree past action young song. Himself then tax eye little last state vote. Country down list that speech economy leave.^M
Theresa Taylor,step-onto,"Choice should lead budget task. Author best mention.
Often stuff professional today allow after door instead. Model seat fear evidence. Now sing opportunity feeling no season show."^M
Roger Huerta,citizen-some-middle,Important fight wrong position fine. Friend song interview glass pay. Organization possible just.^M
John Buckley,term-important,"Alone maybe education risk despite way.
Want benefit manage financial story term must. Former wife activity firm example later. Black win rest ask."^M
Tiffany Johnson,do-many-avoid,"Born tree wind.
Boy marriage begin value. Record health laugh ask under notice federal. Hard lose need sell treatment.
Certain throw executive front late. Because truth risk."^M
Roy Golden DDS,help-return-art,"Pm daughter thousand.
Process eat employee have they example past.
Increase author water. Magazine child mention start."^M

